gate,delta_slope,delta_slope_err,delta_yint,delta_yint_err,eta_slope,eta_slope_err,eta_yint,eta_yint_err,path,blim,quiet
-3.0,-9.941624942244718e-07,1.8845978043891959e-07,2.581271784791195e-09,2.4128070721730656e-09,-0.13629734401950355,0.02584147985853388,0.00035370449828361303,0.0003295921683965643,../data/processed/centermax/JS633-W2_Wsc=0.9um-NNE_WFS06_slopes/diode-lowfield_-3.0V_init/data.csv,0.02,True
