gate,delta_slope,delta_slope_err,delta_yint,delta_yint_err,eta_slope,eta_slope_err,eta_yint,eta_yint_err,path,blim,quiet
-0.6,2.774378244396512e-06,6.4098714486024e-08,-4.2479537167189286e-09,9.093237773514459e-10,0.35716204435614907,0.008251038397335191,-0.000545471019984937,0.0001166878559079893,../data/processed/centermax/JS633-W2_Wsc=0.9um-NNE_WFS07_slopes/diode-lowfield_-0.6V/data.csv,0.02,True
