gate,delta_slope,delta_slope_err,delta_yint,delta_yint_err,eta_slope,eta_slope_err,eta_yint,eta_yint_err,path,blim,quiet
-4.0,-9.401758500937168e-07,5.7278794713976896e-08,-3.138275997913262e-08,6.941574707557837e-10,-0.15543920051828067,0.009500023558416849,-0.0051837551554539014,0.00011475048884076181,../data/processed/centermax/JS633-W2_Wsc=0.9um-ENE_WFS06_slopes+10Vreset/diode-lowfield_-4.0V/data.csv,0.02,True
