gate,delta_slope,delta_slope_err,delta_yint,delta_yint_err,eta_slope,eta_slope_err,eta_yint,eta_yint_err,path,blim,quiet
0.0,3.259491673776514e-06,1.799235946111931e-07,-3.3768358095195067e-09,2.58089101605567e-09,0.4179905173169338,0.023066428865691525,-0.00042894151936385104,0.0003297552696099093,../data/processed/centermax/JS633-W2_Wsc=0.9um-NNE_WFS07_slopes/diode-lowfield_0.0V/data.csv,0.02,True
