gate,delta_slope,delta_slope_err,delta_yint,delta_yint_err,eta_slope,eta_slope_err,eta_yint,eta_yint_err,path,blim,quiet
-3.75,-1.9174311759412363e-06,5.6424637621452785e-08,1.04120933862373e-08,7.365041904845218e-10,-0.29340134115433464,0.008634141083353844,0.0015865694225741683,0.00011237033532423718,../data/processed/centermax/JS633-W2_Wsc=0.9um-NNE_WFS06_slopes/diode-lowfield_-3.75V/data.csv,0.02,True
