gate,delta_slope,delta_slope_err,delta_yint,delta_yint_err,eta_slope,eta_slope_err,eta_yint,eta_yint_err,path,blim,quiet
-6.5,7.759780828476911e-08,4.101995753635717e-09,-2.4895761699228582e-11,4.6123712755535186e-11,0.8922418733130612,0.04704810003763725,-0.0003932648125133589,0.0005243418205402282,../data/processed/centermax/JS633-W2_Wsc=0.9um-NNE_WFS06_slopes/diode-lowfield_-6.5V/data.csv,0.02,True
