gate,delta_slope,delta_slope_err,delta_yint,delta_yint_err,eta_slope,eta_slope_err,eta_yint,eta_yint_err,path,blim,quiet
-2.0,6.977681511421646e-07,2.0506485827714733e-07,-8.82014324941684e-09,2.7082311620806414e-09,0.09131435379767587,0.026838809094687527,-0.0011499022776875042,0.00035318044212403815,../data/processed/centermax/JS633-W2_Wsc=0.9um-NNE_WFS07_slopes/diode-lowfield_-2.0V/data.csv,0.02,True
