gate,delta_slope,delta_slope_err,delta_yint,delta_yint_err,eta_slope,eta_slope_err,eta_yint,eta_yint_err,path,blim,quiet
-5.2,-5.144861690715803e-07,4.356452543955366e-08,-2.157608873434063e-08,5.618616206046474e-10,-0.14366368539542923,0.012265757315695321,-0.006052208044899645,0.00015771013092154496,../data/processed/centermax/JS633-W2_Wsc=0.9um-ENE_WFS06_slopes/diode-lowfield_-5.2V/data.csv,0.02,True
