gate,delta_slope,delta_slope_err,delta_yint,delta_yint_err,eta_slope,eta_slope_err,eta_yint,eta_yint_err,path,blim,quiet
-6.25,1.315059509843504e-07,6.853098001654524e-09,-1.2113861416473497e-09,8.883022780881864e-11,0.5309002061438451,0.02755773533029274,-0.004901805074634161,0.00035659026041158764,../data/processed/centermax/JS633-W2_Wsc=0.9um-NNE_WFS06_slopes/diode-lowfield_-6.25V/data.csv,0.02,True
