gate,delta_slope,delta_slope_err,delta_yint,delta_yint_err,eta_slope,eta_slope_err,eta_yint,eta_yint_err,path,blim,quiet
-5.7,1.1312997502539558e-07,2.0677148025380467e-08,-8.18813371789937e-09,2.786588818871755e-10,0.0651426140277529,0.011584420180318591,-0.004574753795905747,0.00015550305959750134,../data/processed/centermax/JS633-W2_Wsc=0.9um-ENE_WFS06_slopes/diode-lowfield_-5.7V/data.csv,0.02,True
