gate,delta_slope,delta_slope_err,delta_yint,delta_yint_err,eta_slope,eta_slope_err,eta_yint,eta_yint_err,path,blim,quiet
-3.25,-1.6117081106697353e-06,6.911236423664902e-08,6.156405315037435e-09,8.925345391852919e-10,-0.22567232678282675,0.009679005034601043,0.0008578540371895893,0.00012459337608244496,../data/processed/centermax/JS633-W2_Wsc=0.9um-NNE_WFS06_slopes/diode-lowfield_-3.25V/data.csv,0.02,True
