gate,delta_slope,delta_slope_err,delta_yint,delta_yint_err,eta_slope,eta_slope_err,eta_yint,eta_yint_err,path,blim,quiet
-4.8,-6.349027306221199e-07,3.5055281514023266e-08,-1.722940742323037e-08,4.1633566036755526e-10,-0.1883343171466482,0.010440545265625725,-0.005115215312859391,0.0001237159699052393,../data/processed/centermax/JS633-W2_Wsc=0.9um-NNE_WFS07_slopes/diode-lowfield_-4.8V/data.csv,0.02,True
