gate,delta_slope,delta_slope_err,delta_yint,delta_yint_err,eta_slope,eta_slope_err,eta_yint,eta_yint_err,path,blim,quiet
-4.0,-5.616347176060066e-07,6.55396241455843e-08,-1.8800613788671325e-08,8.744362759530466e-10,-0.07954395085728933,0.009311437048198598,-0.0026633909057432,0.0001239096621499302,../data/processed/centermax/JS633-W2_Wsc=0.9um-ENE_WFS06_slopes/diode-lowfield_-4.0V/data.csv,0.02,True
